Number,Gender,NameSet,Title,GivenName,MiddleInitial,Surname,StreetAddress,City,State,StateFull,ZipCode,Country,CountryFull,EmailAddress,Username,Password,TelephoneNumber,MothersMaiden,Birthday,CCType,CCNumber,CVV2,CCExpires,NationalID,UPS,Color,Occupation,Company,Vehicle,Domain,BloodType,Pounds,Kilograms,FeetInches,Centimeters,GUID,Latitude,Longitude
1,female,Danish,Mrs.,Abellona,P,Christensen,Via Raffaele Conforti 16,Castel Del Monte,AQ,L'Aquila,67023,IT,Italy,AbellonaPChristensen@dayrep.com,Expleseeptes,quaeLeis8ai,0327 3840750,Damgaard,7/17/1937,MasterCard,5129123923759182,750,12/2018,LE7964338,1Z 2F3 868 18 3191 702 2,Purple,Wildlife officer,Gamble-Skogmo,2005 Nissan Avenir,ExpenseCoverage.it,B-,126.1,57.3,5' 5",165,62588052-ffd1-4531-908e-7750b5e0fc7c,42.383085,13.628069
2,female,Arabic,Ms.,Nibal,A,Atiyeh,Av. Zumalakarregi 5,Benijófar,A,Alicante,03178,ES,Spain,NibalAnjumAtiyeh@einrot.com,Aetherins,ua4iez2Sh,695 024 260,Touma,1/6/1944,Visa,4485638581863837,475,6/2016,,1Z 783 70E 00 4343 958 9,Blue,Food cooking machine tender,Total Yard Management,2006 Hyundai Trajet,ResidentialFlipper.es,O+,172.7,78.5,5' 7",171,5a0efa3b-67fa-4c34-a1a0-9d1347a24b51,38.001387,-0.645861
3,female,Hungarian,Mrs.,Darda,M,Baranyai,Sundabakki 36,Ólafsvík,,,355,IS,Iceland,BaranyaiDarda@dayrep.com,Guse1918,maeR6mai7O,472 7027,Bencsik,4/24/1918,MasterCard,5166827083712260,301,10/2016,,1Z 46W Y90 92 3579 805 3,Red,Brazing worker,Afforda,2000 Infiniti Q45,MightyReward.is,A+,178.2,81.0,5' 4",162,6d0d1e30-3f1c-4a59-b141-eb6a9e3a9417,64.818802,-23.653005
4,female,Klingon,Dr.,Kadra,K,Rajuc,Åkerstigen 26,STORLIEN,,,830 19,SE,Sweden,KadraRajuc@superrito.com,Goodditin,oo2ic5Ough,0647-6594927,D'ciq,3/16/2000,Visa,4539578889360704,539,11/2017,000316-8481,1Z 083 917 86 1628 946 9,Black,Cellular technician,Hudson's MensWear,1999 Honda Life,SocialKeeper.se,O+,120.8,54.9,5' 7",170,6cf5a782-31ee-478d-9e9b-7602e6578e25,63.350471,12.12202
5,male,Icelandic,Dr.,Sveinbjörn,D,Konráðsson,Grängsbo Löten 28,VOXNABRUK,,,820 01,SE,Sweden,SveinbjornKonrasson@fleckens.hu,Barries,Quiuxuka0hai,0271-4466162,,3/16/2015,Visa,4556961903312307,300,12/2019,150316-6298,1Z 159 687 66 6346 109 7,Green,Electrophysiologist,Allied Radio,2004 Ford Falcon,LodgingAlternatives.se,O+,6.8,3.1,1' 8",52,e688c7ef-76cf-4dcd-bec1-5cb1b48a80bc,61.370945,15.552257
6,female,German,Ms.,Barbara,T,Lemann,Brekkugata 84,Hvammstangi,,,530,IS,Iceland,BarbaraLemann@dayrep.com,Theatilis,daer4Eeph,488 2660,Hoover,11/25/1963,MasterCard,5347032609399674,100,8/2017,,1Z 0V2 53Y 39 8528 791 5,Blue,Front desk receptionist,Pro Star,2010 Dodge Charger,CardGlobe.is,AB+,147.2,66.9,5' 6",168,0a9b0390-b55c-4dc6-b850-b9cc5143daba,65.367075,-20.903523
7,female,Arabic,Ms.,Mubin,U,Morcos,Idvägen 99,HOK,,,560 13,SE,Sweden,MubinUsaymahMorcos@cuvox.de,Grius1914,Boo8uthei,0393-5711796,Ghanem,5/23/1914,Visa,4532861653043459,069,5/2016,140523-6165,1Z 479 66W 15 6671 869 6,Blue,Loan clerk,Target Realty,1993 Audi S2,TubeLaunch.se,B+,134.2,61.0,5' 0",152,376c1926-9d4f-4032-b452-8a22bbab94b4,57.471474,14.2029
8,male,Croatian,Mr.,Branislav,L,Šimunović,126 Lynbert Road,Victoria,,Rotorua,3010,NZ,New Zealand,BranislavSimunovic@dayrep.com,Heaver,WiThie1caith,(027) 7687-690,Grubišić,5/26/1938,Visa,4539101151611082,856,12/2017,,1Z 854 084 68 8501 228 3,Blue,Allergist,Complete Tech,2003 Audi S3,OrganicFlu.co.nz,O+,226.6,103.0,5' 4",163,ea07287e-78e8-42cd-8538-7fd5943f591f,-38.225527,176.251951
9,female,Klingon,Ms.,Gira,N,Palkar,Avenida Agraciada 6,19 de Abril,RO,Rocha,27003,UY,Uruguay,GiraPalkar@jourrapide.com,Liffeent,ieV8ohk7aish,9833 6535,Abarsha,5/19/1945,Visa,4556301318375450,423,12/2017,,1Z 026 90V 80 1717 529 7,Blue,Environmental meteorologist,Plan Smart Partner,1996 Pontiac Grand Prix,AirlineFunds.uy,B+,157.7,71.7,5' 4",163,c27813a8-2a73-4ffa-bd4d-94cb632fc0df,-34.417371,-54.10113
10,female,Russian (Cyrillic),Mrs.,Юлия,Ю,Анкуди́нова,Machelsesteenweg 455,Montignies-sur-Roc,WHT,Hainaut,7387,BE,Belgium,Whande@superrito.com,Whande,King8Mo5w,0476 50 84 75,,5/2/1988,MasterCard,5496944573208393,924,11/2016,,1Z 201 7W3 10 5548 376 8,Red,Medical secretary,MacMarr Stores,2001 Hyundai Santa Fe,GadgetFlash.be,B+,196.9,89.5,5' 3",159,6d30be11-c537-44a3-9a48-262634d12daa,50.321226,3.725813
11,male,Chechen (Latin),Mr.,Akhmad,E,Inarkaevich,Burgemeester Mensenstraat 109,Baarle-Nassau,NB,Noord-Brabant,5111 VG,NL,Netherlands,AkhmadInarkaevich@einrot.com,Tragstenk1937,Hae9ohhei9,06-97674227,Kishiev,2/26/1937,Visa,4556242704694452,842,8/2020,,1Z 898 347 22 1326 825 6,Blue,Transportation storage and distribution manager,Circuit City,2007 Jeep Wrangler,FYICard.nl,O+,162.6,73.9,5' 9",174,801dc948-94ba-4dda-a19c-2a7ed8254a4b,51.405447,4.857681
12,male,German,Mr.,Torsten,B,Hueber,105 Rue Mohammed Slim,Smara,61,Governorate Sfax,3024,TN,Tunisia,TorstenHueber@dayrep.com,Smadvow,Jie9wie4di,74 682 736,Köhler,12/9/2014,MasterCard,5590878371975222,701,8/2016,,1Z 551 17V 46 2123 812 3,Green,Biophysicist,Sunny Real Estate Investments,2008 Acura TSX,BrokerPremium.tn,B+,8.8,4.0,1' 7",48,1a18694a-b9d5-49d0-9e20-a332e2e6e467,34.532896,10.420239
13,male,Hungarian,Mr.,Aba,E,Váradi,Invalidenstrasse 97,Bad Dürrheim,BW,Baden-Württemberg,78073,DE,Germany,VaradiAba@jourrapide.com,Prithey,Oorahteihu2,06322 23 67 67,Sánta,5/4/1914,MasterCard,5104803793539116,957,6/2020,,1Z 303 1Y0 07 3081 352 0,Black,Convention manager,Jay Jacobs,2002 Ford Explorer,TextbookSurgery.de,O+,174.7,79.4,5' 4",163,f7f27ff3-9a0a-4da9-87bf-52b1b464fa32,47.967718,8.5345
14,male,Russian,Mr.,Herman,M,Kolesnikov,5 Guildry Street,GARTHYNTY,,,SA20 3WP,GB,United Kingdom,HermanKolesnikov@einrot.com,Orne1980,Thae1shoogai,070 7326 8635,,10/29/1980,MasterCard,5137570452826321,357,11/2018,ZA 92 28 82 B,1Z 203 500 15 6325 298 0,Green,Credit counselor,Magna Solution,2001 Fiat Punto,ShareFiling.co.uk,A+,238.0,108.2,5' 9",175,8abd9440-cb47-4c15-8bba-eb9b071a5da0,51.918255,-4.492655
15,male,Arabic,Mr.,'Ajib,N,Seif,ul. Kirkora 124,Białystok,,,15-169,PL,Poland,AjibNayifSeif@cuvox.de,Runted,keangiw9Gah,66 873 70 95,Halabi,8/27/1984,MasterCard,5577882103681238,729,5/2016,84082750550,1Z 139 613 13 2950 646 2,Silver,Technologist,Poore Simon's,2000 Volvo S70,ReligionMall.pl,B+,146.7,66.7,6' 1",185,16c33330-0167-4105-8d15-bedb3fa22334,53.112218,23.069087
16,female,Chechen (Latin),Ms.,Elina,K,Bisliev,Rosenweg 59,Lätti,,,3053,CH,Switzerland,ElinaBisliev@cuvox.de,Comforabiged,shoxai3aiY,031 722 30 98,Bataev,5/9/1926,Visa,4716159779816413,721,4/2017,,1Z 803 434 91 2317 854 5,Purple,Environmental scientist,Starship Tapes & Records,2007 Peugeot 307,GolfAllstars.ch,O+,186.8,84.9,5' 4",163,a176bffa-d9ee-4bca-b43e-a0adcde2789a,46.972739,7.510074
17,female,Eritrean,Mrs.,Hiwet,R,Mustafa,Druckereistrasse 86,EDLING,KA,Carinthia,9341,AT,Austria,HiwetMustafa@dayrep.com,Anecters,Poajoo1eTh,0676 520 05 22,Fesahaye,11/3/1959,Visa,4539537078898460,170,2/2018,,1Z W73 979 92 7946 767 6,Red,Technical support specialist,Perisolution,1994 Chevrolet Lumina,RealKeywords.at,O+,179.3,81.5,5' 7",170,d0fead54-810b-4707-8acf-bda65abe1e91,46.796138,14.31507
18,male,Dutch,Mr.,Vedran,C,Lavrijsen,43 Boughton Rd,WHITTONDITCH,,,SN8 7HZ,GB,United Kingdom,VedranLavrijsen@dayrep.com,Confuld,ooRe9ieCah,070 1519 1144,Bazen,7/1/1967,MasterCard,5243072197622041,276,8/2017,PJ 54 89 67 B,1Z 9F3 V85 66 1211 404 3,Blue,Recruitment manager,Sew-Fro Fabrics,2003 Opel Omega,RebateDate.co.uk,A+,150.7,68.5,5' 9",175,c34b275a-9cb5-4d6a-b473-f3d4b6593217,50.972947,-1.300911
19,male,Vietnamese,Mr.,Thưởng,T,Đoàn,Odensevej 51,Frøstrup,NO,Region Nordjylland,7741,DK,Denmark,oanThatThuong@teleworm.us,Flenly,Bu6aibie4ie,20-69-55-66,Cao,2/11/1944,Visa,4539743604994951,965,1/2018,110244-1997,1Z 8E0 Y31 32 8512 123 1,White,Gastroenterology nurse,Star Assistance,2011 Jeep Compass,Weightsearch.dk,O+,226.2,102.8,5' 7",170,9aabff25-dca1-4299-a657-a707e05096ea,57.146018,9.057807
20,female,Russian,Ms.,Samira,E,Sergeyeva,Untere Hauptstrasse 84,PRIEL,KA,Carinthia,9400,AT,Austria,SamiraSergeyeva@einrot.com,Burborpoes,aeJahr6Yai4,0680 509 44 29,,1/10/2007,MasterCard,5421618108882860,017,4/2016,,1Z 503 475 13 8600 812 2,Yellow,Language pathologist,Gamble-Skogmo,2009 Aston Martin V8 Vantage,TalentLookup.at,A+,81.4,37.0,4' 3",130,72e4acaf-43e6-4878-ad08-6a1ddc33b917,46.927167,14.77813
21,male,Japanese,Mr.,寛,直,住吉,Na Průhonu 764,Horní Bríza,PL,Plzenský kraj,330 12,CZ,Czech Republic,Inarence@cuvox.de,Inarence,iu9Nix8Nai,727 240 671,小串,6/16/1962,MasterCard,5317889903904699,610,4/2018,,1Z W94 3V2 23 8733 103 2,Blue,Portrait photographer,Deco Refreshments Inc.,2003 Mitsubishi Diamante,DemocratClubs.cz,B+,184.8,84.0,5' 9",176,bad58f2c-ed68-47f4-8934-765aaf68b683,49.791094,13.306394
22,female,Slovenian,Ms.,Ana Amalija,A,Andruščišen,Kalhamer Strasse 3,GÄNSANGER,OO,Upper Austria,4623,AT,Austria,AnaAmalijaAndruscisen@teleworm.us,Rayce1983,thohGhu5W,0699 991 97 44,Hranilović,7/21/1983,Visa,4485027843494484,417,12/2017,,1Z 128 00A 53 3590 528 8,Blue,City planner,ABCO Foods,2005 Dodge Viper,PressInterview.at,O+,129.8,59.0,5' 3",161,053a57d8-a685-4b2c-9674-02f00ea1f31f,48.065155,13.933973
23,male,England/Wales,Mr.,Nicholas,L,Bryant,Λ. Απόλλωνος 130,ΛΑΚΑΤΑΜΕΙΑ,NI,Λευκωσία,2314,CY,Cyprus (Greek),NicholasBryant@gustr.com,Foree1927,si8aej7oPi,22 345980,Poole,9/29/1927,MasterCard,5306639313109196,086,8/2018,,1Z 201 920 99 3711 196 0,Blue,Network systems and data communications analyst,Eagle Food Centers,2010 Porsche Panamera,FantasticCondos.com.cy,O+,148.7,67.6,5' 10",177,df594cb7-f1e9-4e49-859d-64c1ea26d365,41.2757,-72.813374
24,female,Norwegian,Ms.,Udna,H,Jørstad,Szent Gellért tér 88.,Ózd,BZ,Borsod-Abaúj-Zemplén,3651,HU,Hungary,UdnaJrstad@gustr.com,Diat1917,eiPhiCh6,(48) 861-372,Halvorsrud,10/2/1917,Visa,4929865394582593,643,6/2017,,1Z A25 695 83 2960 675 5,Blue,Condominium association manager,John F. Lawhon,2010 Ford F-150,vSouthDakota.hu,AB+,180.2,81.9,5' 3",159,957a7926-340c-49ce-8224-54a923dab4b3,48.069882,20.332987
25,female,Dutch,Ms.,Marenthe,A,Leidelmeijer,Estrada Laranjeiras 59,Lisboa,LI,Lisboa,1100-304,PT,Portugal,MarentheLeidelmeijer@gustr.com,Greaboy,fo0pi8ooCho,21 216 397 6857,Gravemaker,5/31/1914,Visa,4532723493079251,958,11/2020,,1Z 038 488 49 4648 112 8,Green,Tool and die maker,Alpha Beta,2005 Citroen Saxo,ParadiseDomains.com.pt,O-,108.9,49.5,5' 3",159,aab0459d-c932-41de-9146-8bf51d0cb4ea,38.654351,-9.185911
26,male,Chinese,Mr.,Ning,Y,Yuan,3468 rue Levy,Montreal,QC,Quebec,H3C 5K4,CA,Canada,NingYuan@superrito.com,Buttere14,chaishu9aoF,514-604-8873,Hsing,9/6/2014,MasterCard,5429945333064838,444,7/2016,528 733 710,1Z 17V 855 30 7654 268 7,Black,Chemical technician,Star Assistance,1995 BMW 318,PrankPros.ca,A+,8.8,4.0,1' 6",46,784d89c3-4f88-489b-a6b4-ae68d9330339,45.59333,-73.537284
27,female,England/Wales,Ms.,Isobel,Z,Stone,Margrethes Plads 11,Løgstrup,MI,Region Midtjylland,8831,DK,Denmark,IsobelStone@teleworm.us,Whinge68,ooCheif1Ie,29-48-62-89,Lynch,8/29/1968,MasterCard,5293174840157356,163,4/2018,290868-2648,1Z 91V 498 07 8838 055 2,Blue,Nurse specialist,Knox Lumber,2004 Daewoo Rezzo,DustDawn.dk,B+,144.5,65.7,5' 1",155,803749c0-5b4e-4dd9-be84-1e92cc008535,56.418718,9.312773
28,female,Persian,Ms.,گلسا,ب,رادان,1250 Wolmarans St,Witbank,MP,Mpumalanga,2230,ZA,South Africa,GulesaRadan@einrot.com,Yelock,IDiiCh0loo,084 244 2870,غلامرضایی,7/25/2013,Visa,4716108250660253,661,3/2017,,1Z 159 703 52 2770 499 8,Green,Motor coach driver,Music Plus,2001 Fiat Palio,CardSpam.co.za,O+,17.2,7.8,2' 5",74,437dde57-8b4f-43cc-a31d-2b7fbf9241d9,-25.924216,29.238763
29,female,Hispanic,Ms.,Agape,S,Ybarra,Αγ. Ανδρέα 87,ΤΡΕΜΕΤΟΥΣΙΑ,LA,Λάρνακα,7624,CY,Cyprus (Greek),AgapeYbarraVasquez@armyspy.com,Canot1980,As7uegathu,24 749132,Vasquez,8/30/1980,MasterCard,5229569820864039,715,5/2020,,1Z 8F8 829 31 3505 419 2,Blue,Refuge manager,Parklane Hosiery,2006 Chrysler Town & Country,TripMission.com.cy,A-,150.3,68.3,5' 6",168,1686528c-e630-420c-acbd-88351712315e,41.309255,-72.900726
30,male,German,Mr.,Robert,D,Egger,χλμ Αλεξανδρούπολης 124,ΜΟΥΣΕΡΕ,PA,Πάφος,8605,CY,Cyprus (Greek),RobertEgger@armyspy.com,Cupong,aecae5Aim9Ei,96 824288,Schreiber,9/16/1945,Visa,4556436054498767,642,11/2017,,1Z 000 415 02 0965 802 9,Blue,Product development manager,A Plus Lawn Care,2011 Infiniti M,CyberApplication.com.cy,B+,143.7,65.3,5' 9",174,0cc4379a-565c-4659-92dd-b0d45f4953fb,41.369782,-72.915722
31,male,Russian,Mr.,Ismail,R,Lavrentiev,Bem rakpart 22.,Gyôröcske,SZ,Szabolcs-Szatmár-Bereg,4625,HU,Hungary,IsmailLavrentiev@superrito.com,Hereterving02,Iex4aovao,(30) 169-7300,,5/1/2002,Visa,4916353118136702,967,2/2020,,1Z 733 998 43 4983 136 9,Green,Estimator,Idea Infinity,2001 Seat Cordoba,JacksonvilleDryCleaner.hu,A+,81.0,36.8,4' 11",151,0b67a786-bbb4-4d2a-ad00-9d6fa0df9768,48.42759,22.194173
32,female,Chinese (Traditional),Ms.,怡萱,怡,吳,Parva Domus 34,San Gregorio de Polanco,TA,Tacuarembó,45200,UY,Uruguay,WuYiXuan@gustr.com,Ciame1998,aeK1IenohP3,9447 5147,傅,8/5/1998,MasterCard,5132137108455056,534,2/2018,,1Z 162 F48 53 4885 972 8,Green,Poultry trimmer,Morville,1996 Marcos Mantis,ImproveLook.uy,B-,157.3,71.5,5' 1",155,aedade52-9bea-4e32-9695-1bd3a5c6bd1e,-32.687682,-55.78476
33,male,Dutch,Mr.,Halbe,R,de Man,75 Duff Street,CHANDLER,WA,Western Australia,6490,AU,Australia,HalbedeMan@fleckens.hu,Monge1963,oPh4ooNgas,(08) 9067 6207,Vercoulen,8/24/1963,Visa,4485283924231754,054,11/2019,,1Z 50E 669 88 1979 904 8,Blue,Information specialist,Universo Realtors,2005 Daewoo Nubira,CosmeticSeller.com.au,B-,143.0,65.0,5' 9",174,f8189bb2-38f4-4b6e-8a5c-15c986cc6756,-31.209449,118.034944
34,male,Czech,Mr.,Petr,V,Palla,117 Riley Crescent,Yelverton,,Blenheim,7201,NZ,New Zealand,PetrPalla@fleckens.hu,Beastance52,TaY1eem6ai,(028) 6164-863,Davidová,5/26/1952,MasterCard,5320801088137032,967,9/2020,,1Z 921 695 37 2508 235 3,Green,Conservator,Lee Wards,2012 BMW 328,LocalBrakes.co.nz,O+,167.9,76.3,5' 8",173,56d1403c-9338-472a-b907-92560ff4dc54,-41.522762,173.852366
35,male,Scottish,Mr.,Musa,E,Black,Laugarvegur 59,Reykjavík,,,154,IS,Iceland,MusaBlack@dayrep.com,Adind1924,Aivah7aghoh,484 9218,Moore,12/18/1924,MasterCard,5484650123614055,686,10/2019,,1Z 677 228 41 8188 970 3,Silver,Contract specialist,Corinthian Designs,1996 Honda Civic,GotFiction.is,O+,199.8,90.8,5' 5",164,97c6ef40-5627-4629-b3be-1e13e718bbb5,64.101787,-21.881704
36,female,Hobbit,Ms.,Pandora,M,Brandagamba,Hank 67,Bemmel,GE,Gelderland,6681 TG,NL,Netherlands,PandoraBrandagamba@superrito.com,Mandetlable,Zaeth2ahhah,06-36759257,Underhill,6/25/1951,Visa,4916573218108125,633,12/2018,,1Z 2F2 448 23 9710 462 4,Blue,Gynecology nurse,Exact Realty,2005 Vector M12,BaldLoser.nl,B+,145.9,66.3,2' 6",75,be2d701a-cc44-4d46-98dc-d82117a6ca60,51.842644,5.969526
37,female,Chechen (Latin),Dr.,Kusama,A,Bazhaev,Avenida Júlio S Dias 6,Azurara,PO,Porto,4480-169,PT,Portugal,KusamaBazhaev@rhyta.com,Unamornitand,boila5aiL6,21 224 281 1663,Desheriyev,2/20/1927,MasterCard,5250105952117003,208,7/2019,,1Z 315 96W 49 7549 129 6,Blue,Nursing aide,Cavages,1993 Proton Saloon,TechnologyGolf.com.pt,AB+,170.5,77.5,5' 6",168,56971366-1b52-4c9e-bb42-d2594846ea89,41.287488,-8.738796
38,female,Danish,Mrs.,Kristine,J,Jacobsen,133 Sheddings Lane,Manukau,,Manukau,2016,NZ,New Zealand,KristineJJacobsen@superrito.com,Duerse,Emae3thaed,(026) 1388-830,Kristoffersen,2/5/1994,Visa,4532517513397945,272,12/2020,,1Z 213 902 95 2090 921 7,Black,Science writer,Adaptabiz,2005 Mercedes-Benz CLK GTR,RemarkableApps.co.nz,O+,109.8,49.9,5' 2",157,3cf4fdc5-db2a-4d86-97ad-61a815523ebb,-36.940726,174.830879
39,female,Arabic,Mrs.,Sharifah,J,Basara,Fuente del Gallo 8,Palenciana,CO,Córdoba,14914,ES,Spain,SharifahJudBasara@gustr.com,Becry1971,heathaeYe4,755 029 318,Bazzi,7/31/1971,Visa,4485380215014822,329,4/2019,,1Z V54 371 84 0061 849 1,Green,Travel guide,Superior Interior Design,2012 BMW 120,ByeMeds.es,B+,137.1,62.3,5' 7",171,34b891e3-266d-4b84-9370-8328e61a019b,37.213505,-4.52036
40,male,Igbo,Mr.,Kenechukwu,I,Obinna,Vambola 24,Jälgimäe,HA,Harjumaa,76404,EE,Estonia,KenechukwuObinna@armyspy.com,Oripsensfuld1924,kah0Choe0ei,653 3791,Mbanefo,4/26/1924,MasterCard,5305428681698886,149,4/2019,,1Z 991 643 01 7749 813 8,Green,Furnace kiln oven drier and kettle operator,Father & Son,1999 Chrysler Viper,FancyChicks.com.ee,O+,217.8,99.0,5' 4",163,603fe4a0-f709-4e98-bb6d-1a7183c434f7,59.253911,24.876292
41,male,Australian,Mr.,Adam,H,De Mestre,Untere Neugasse 97,LEITERSDORF,ST,Styria,8504,AT,Austria,AdamDeMestre@cuvox.de,Therveld49,Mang2erei2i,0660 881 29 55,Caire,5/16/1949,Visa,4716144515361742,694,7/2018,,1Z 844 552 73 4586 308 8,Brown,Chemical plant and system operator,Lionel Playworld,1997 Ford Royale,PlayPresident.at,A+,160.8,73.1,6' 1",186,6b401113-4e6e-4491-abbb-a027523f1004,46.925041,15.378949
42,male,Croatian,Mr.,Bratoljub,B,Novosel,Glocknerstrasse 34,HIRSCHWANG AN DER RAX,NO,Lower Austria,2651,AT,Austria,BratoljubNovosel@teleworm.us,Samende,isah6hooJ,0681 988 89 27,Antunović,4/14/1924,Visa,4716758707360319,803,2/2019,,1Z 80V 822 27 5639 231 3,Black,Marshal,Future Plan,1999 Acura TL,YogaJunkies.at,O-,196.5,89.3,5' 9",174,2c53935c-9c2f-4695-ba77-109a17d50a7b,47.659325,15.919605
43,female,Chechen (Latin),Ms.,Kheda,M,Inarkaevich,18 Gordon Terrace,BATHGATE,,,EH48 6BA,GB,United Kingdom,KhedaInarkaevich@jourrapide.com,Shapithe,Rei6yah2Ia,079 0990 8151,Akhtakhanov,2/10/1991,Visa,4532612335122025,571,10/2019,SJ 90 23 90 D,1Z 241 653 52 4287 096 7,Purple,Estimator,Shoe Kicks,2001 Honda Fuya Jo,PrintingReview.co.uk,O+,147.8,67.2,5' 2",158,1b77877c-ec2e-4491-a029-88823a9ccedf,55.911998,-3.697275
44,female,England/Wales,Ms.,Chloe,J,Bowen,2434 Blanshard,Victoria,BC,British Columbia,V8W 2H9,CA,Canada,ChloeBowen@armyspy.com,Adeatimeng,cie3Thae,250-389-5252,Joyce,5/2/1943,Visa,4929813340078290,016,11/2016,425 346 285,1Z 143 162 34 6378 197 4,Purple,Buyers' agent,Buena Vista Realty Service,2002 Toyota Mega Cruiser,OverClothing.ca,AB+,213.6,97.1,5' 3",161,ad969099-2429-4333-a71d-15e5f0d121ff,48.35773,-123.348396
45,female,Chechen (Latin),Ms.,Khalimat,E,Desheriyev,Prins Clauslaan 180,Ermelo,GE,Gelderland,3852 DA,NL,Netherlands,KhalimatDesheriyev@jourrapide.com,Forcive,yooN6chieng,06-72618269,Chichigov,7/19/2006,MasterCard,5325765650633204,944,7/2019,,1Z 2Y3 F55 71 3793 748 5,Orange,Neonatal nurse,House 2 Home,1999 Chevrolet Tracker,VirtualJournalist.nl,A+,56.1,25.5,3' 10",117,40657f58-232a-4905-b85d-906bf7041727,52.267259,5.67573
46,female,French,Mrs.,Suzette,H,Moquin,Breitenstrasse 102,Basel,,,4001,CH,Switzerland,SuzetteMoquin@teleworm.us,Neard2000,eetoD9iedah,061 376 83 20,Laberge,4/19/2000,MasterCard,5425096520322359,644,1/2020,,1Z V15 934 86 1973 681 8,Orange,Paste-up worker,Mr. AG's,2009 Audi A3,TruckInsider.ch,O+,149.8,68.1,5' 7",171,2258fe36-d2dd-4f4d-b52d-7b3c12e2a075,47.610288,7.68328
47,female,Hungarian,Mrs.,Mária,D,Pálfi,Piroska u. 96.,Lothárd,BA,Baranya,7763,HU,Hungary,PalfiMaria@rhyta.com,Brour1998,Chahgeen8ha6,(72) 821-834,Szölôsy,12/28/1998,MasterCard,5210450752673006,205,11/2020,,1Z 457 070 99 2821 117 3,Blue,Receptionist,Exact Realty,2002 Proton Tiara,CanadianBakery.hu,O+,95.5,43.4,5' 0",152,ca38cb97-1c9d-4126-ae7e-6b0abaf48474,46.022701,18.296523
48,male,Swedish,Mr.,Dexter,F,Strömberg,Jahnstrasse 33,Bad Aibling,BY,Freistaat Bayern,83036,DE,Germany,DexterStromberg@superrito.com,Boally,olu6aiX3h,08061 15 80 89,Magnusson,8/24/1984,MasterCard,5152845181194203,654,6/2017,,1Z 45W 995 51 0313 447 3,Blue,Electronic home entertainment equipment repairer,Excella,2010 GMC Envoy,vSpecials.de,O-,180.4,82.0,5' 11",181,63594e15-9eb3-4e50-b4ae-7a9e7fe420d0,47.791022,12.013018
49,female,Danish,Mrs.,Aase,J,Hedegaard,Rua Antônio Alves Poubel 627,Campos dos Goytacazes,RJ,Rio de Janeiro,28030-345,BR,Brazil,AaseJHedegaard@rhyta.com,Gove1958,eH2adee5,(22) 9291-8510,Thorsen,4/20/1958,MasterCard,5105889027834315,914,4/2020,323.035.037-52,1Z 2E6 012 35 0239 594 0,Blue,Sewer,Custom Lawn Care,2003 BMW Z8,TournamentAlerts.com.br,O+,136.4,62.0,5' 0",153,34c98d93-ed4b-4b1e-a4f7-a2fd99a13b9a,-21.759902,-41.391579
50,female,Igbo,Mrs.,Anayochukwu,C,Echezonachukwu,112 Lavender Lane,Wigram,,Christchurch,8042,NZ,New Zealand,AnayochukwuEchezonachukwu@jourrapide.com,Artake19,vah2Ahsh9deu,(029) 5531-648,Obidimkpa,7/15/1919,Visa,4716168172589808,209,1/2018,,1Z 708 247 39 0557 317 7,Yellow,Fire dispatcher,Pro Garden Management,2008 Honda Odyssey,BankAgreement.co.nz,O-,113.7,51.7,5' 3",160,dde454c2-85c1-4344-b7fa-5cbbbccf0930,-43.499268,172.533719
51,male,Australian,Mr.,Archer,S,Riddle,641 Gleemoor Rd,Taung,NW,North West,8609,ZA,South Africa,ArcherRiddle@einrot.com,Pocks2005,aniyie5AeY,082 994 1454,Silcock,11/6/2005,Visa,4532030238153668,938,11/2016,,1Z 300 775 33 9503 723 0,Red,Driver-sales worker,The White Rabbit,2008 Honda Legend,ParkTLD.co.za,A+,86.9,39.5,4' 8",142,69b44f51-4aa7-4b70-8361-ddfdb5668bfe,-27.55695,24.737859
52,male,Chechen (Latin),Mr.,Khasurt,Z,Barsukov,Arenales 42,Montevideo,MO,Montevideo,12000,UY,Uruguay,KhasurtBarsukov@jourrapide.com,Thententon,Eequ3eeroo,9914 3883,Melikov,3/19/2004,MasterCard,5117416625024820,006,8/2017,,1Z 4A9 A07 30 4659 074 0,Orange,Control and valve installer,The Serendipity Dip,1996 Ford Scorpio,PlayingPays.uy,O+,75.7,34.4,4' 8",141,ffa691f0-3c22-4de4-aca8-83aa85cbff12,-34.811494,-56.102686
53,male,German,Mr.,Eric,L,Ziegler,Rio Segura 74,Santacara,NA,Navarre,31314,ES,Spain,EricZiegler@einrot.com,Oligh1946,zoCh2yei,678 561 509,Frei,9/8/1946,Visa,4556940311246901,988,2/2020,,1Z 158 900 09 3931 104 9,Green,Clinical manager,Home Quarters Warehouse,2008 BMW 650,eBuzzed.es,A+,171.2,77.8,5' 11",181,826b0103-1f0b-4a67-80cc-b27116b40e3f,42.294754,-1.669456
54,female,German,Dr.,Yvonne,T,Pabst,146 Mavili Square,Giolou,PA,Paphos,8720,CY,Cyprus (Anglicized),YvonnePabst@superrito.com,Thattely,Omaez8fa7,97 179304,Theissen,8/17/1934,MasterCard,5165008928441008,817,11/2016,,1Z 787 768 94 1605 213 1,Green,Addictions nurse,Zantigo,2001 Italdesign Twenty Twenty,FeedbackInterview.com.cy,O+,176.2,80.1,5' 3",161,76714576-8699-4cdc-89b0-3fbea40f8842,41.292076,-72.868189
55,male,Russian,Mr.,Roland,L,Lazarev,P.O. Box 2,Arsuk,SM,Sermersooq,3932,GL,Greenland,RolandLazarev@armyspy.com,Aing1950,eir7euZeihie,31 23 54,,12/27/1950,Visa,4916192075265330,535,6/2019,,1Z 958 769 40 3046 144 2,Blue,Marketing research analyst,Home Centers,2011 Land Rover LR2,WirelessExercise.gl,A+,241.1,109.6,5' 7",171,c96eeddc-9260-4e1b-a547-4e1f17e60151,61.150897,-48.456778
56,female,Icelandic,Ms.,Ingileif,S,Ingvarsdóttir,Hovbanken 35,Terndrup,NO,Region Nordjylland,9575,DK,Denmark,IngileifIngvarsdottir@armyspy.com,Lianythe,pahrae9yoCi,53-26-85-08,,1/3/1981,MasterCard,5460926649029665,338,8/2017,030181-2426,1Z 784 76E 72 2013 892 5,Blue,Dental hygienist,P. Samuels Men's Clothiers,2000 Honda Avancier,BlingPacks.dk,O+,122.3,55.6,5' 3",159,6c4a2bbe-fe23-4b2c-9556-d1a87dd185f2,56.82416,10.13374
57,male,Japanese,Mr.,翼,真,丹波,2572 Speers Road,Oakville,ON,Ontario,L6L 2X5,CA,Canada,Hinig1932@jourrapide.com,Hinig1932,Mu0athe0oh,905-599-2465,箱石,8/21/1932,MasterCard,5233086429767921,669,9/2018,125 099 028,1Z 251 10W 10 6521 230 2,Blue,Legal investigator,Video Concepts,1997 Mitsubishi Colt,BridgeFinder.ca,A+,221.3,100.6,5' 7",170,6040120b-6098-4a38-9ba2-d1dd41614c29,43.521286,-79.612828
58,female,Australian,Ms.,Kiara,A,O'Brien,12 King Alexander,Anafotida,LA,Larnaca,7573,CY,Cyprus (Anglicized),KiaraOBrien@superrito.com,Stol1937,Odee2aech,24 734777,Eggleston,8/3/1937,MasterCard,5103120415495846,587,9/2020,,1Z 89E 752 27 4883 453 9,Green,Metal caster,Heslop's,2002 Audi RS4,IndoorMart.com.cy,O-,118.1,53.7,4' 11",150,7a4ef9ad-5447-4488-a13e-c6cf42dc055e,41.38628,-72.985076
59,male,Russian (Cyrillic),Mr.,Иннокентий,О,Капустин,Husebybakken 185,OSLO,,,0379,NO,Norway,Defourne@jourrapide.com,Defourne,ACh2volei,969 23 730,,9/12/1949,Visa,4929518418611597,712,7/2016,,1Z 280 W79 50 0984 393 5,Blue,Bodyguard,Netcore,2009 Mini Cooper,DesmoinesMechanics.no,O+,216.0,98.2,5' 7",171,e621407b-1bd1-4138-9238-64f83263563a,59.950348,10.748528
60,male,Slovenian,Mr.,Senat,B,Radišek,Calle Aduana 77,Zuia,VI,Álava,01130,ES,Spain,SenatRadisek@armyspy.com,Whall1996,Choo0aichee,750 725 329,Kerstein,7/15/1996,Visa,4539571365904442,269,3/2016,,1Z E46 697 82 5199 546 3,Blue,Labor relations manager,Asian Solutions,2004 Ford E-150,HandymanRating.es,B+,115.7,52.6,5' 6",168,b2681699-dd73-402c-ba64-ae8eb503ea3f,42.872845,-2.784331
61,male,Danish,Mr.,Dennis,N,Olsen,Rue Supexhe 60,Sint-Amandsberg,VOV,East Flanders,9040,BE,Belgium,DennisNOlsen@cuvox.de,Natied,iinu9Iedah4,0472 50 53 98,Christiansen,9/18/1980,MasterCard,5400299027389504,893,5/2017,,1Z 627 E78 15 9016 481 2,Green,Forging machine tender,Golden Dawn,2012 Cadillac SRX,LoveAnalyzer.be,A+,158.6,72.1,5' 9",175,4d6fcee7-b41e-494e-a946-541d66d6d60c,51.044795,3.762406
62,female,Hungarian,Ms.,Nusi,R,Bodor,Rua Cruzeiro do Sul 603,Feira de Santana,BA,Bahia,44024-230,BR,Brazil,BodorNusi@teleworm.us,Mortund13,yae5hue8Tah,(75) 6315-7377,Gerencsér,1/8/2013,Visa,4929058916301367,925,2/2017,671.543.105-10,1Z 260 V25 38 2591 746 0,Purple,Caster,Star Bright Investment Group,2006 Mitsubishi L 200,JavaBulletin.com.br,O+,34.8,15.8,2' 9",85,12a27dbf-84fd-4b17-8930-a57c2f152dca,-12.28337,-39.11101
63,female,Hungarian,Ms.,Borbála,D,Makkai,Grasland 49,Eindhoven,NB,Noord-Brabant,5658 GA,NL,Netherlands,MakkaiBorbala@superrito.com,Wayin1987,Eeg1livo3u,06-51103051,Zsinkó,9/15/1987,MasterCard,5168073182924666,615,10/2016,,1Z 002 698 78 2185 692 7,Blue,Auxiliary equipment operator,Ulbrich's,2000 Honda Legend,FetchFilms.nl,O+,177.8,80.8,5' 5",166,42cb9f7c-0968-4689-920b-1e264c9ad31d,51.489523,5.570879
64,male,Chechen (Latin),Mr.,Saidalim,Z,Godina,Halvdan Svartes gate 42,SANDEFJORD,,,3208,NO,Norway,SaidalimGodina@superrito.com,Gire1998,Oephieve9ee,435 56 161,Usamov,12/23/1998,Visa,4916053856007921,444,12/2017,,1Z 636 422 68 0756 367 6,Green,Vocational education teacher,Gene Walter's Marketplace,2008 Ford F-150,RestorationJunk.no,B+,154.9,70.4,5' 10",177,a9dca088-a79f-460b-a3b9-47098f0d1d4b,59.17741,10.277391
65,female,Russian,Mrs.,Asya,M,Sorokina,Via delle Viole 76,Osimo Stazione,AN,Ancona,60028,IT,Italy,AsyaSorokina@armyspy.com,Nichat1944,zaew3Shuoc8,0367 5955401,,8/16/1944,MasterCard,5197151470077762,022,10/2016,RV88257263,1Z A20 582 09 1823 190 4,Purple,Dividend clerk,Super Saver Foods,2009 SSC Ultimate Aero,SharpTunes.it,B+,169.4,77.0,5' 2",157,413d2d3f-4b69-461d-a2e6-0144c0583ee7,43.411884,13.454903
66,female,Arabic,Ms.,Fatimah,I,Mifsud,Valhallvegen 144,KONGSVINGER,,,2214,NO,Norway,FatimahIzdiharMifsud@dayrep.com,Frentint,Thohx2gaa6g,430 89 846,Boutros,6/8/1979,MasterCard,5423024034096212,877,9/2019,,1Z 849 957 71 6865 949 6,Purple,Loan processing clerk,Infinite Wealth Planners,1998 Beijing BJ 2020,TennisListing.no,B+,160.2,72.8,5' 3",161,1e7ee501-ca04-4cac-bfc0-359b876be831,60.122371,11.91865
67,female,French,Dr.,Antoinette,A,Jomphe,Langshof 163,Almere,FL,Flevoland,1353 GZ,NL,Netherlands,AntoinetteJomphe@gustr.com,Bried1950,iejeic6Vah,06-83376151,Garreau,3/18/1950,Visa,4556905094797545,026,2/2019,,1Z E27 672 36 3638 091 1,Purple,Animal breeder,Better Business Ideas and Services,1993 BMW 316,CricketTutorial.nl,O+,158.6,72.1,5' 5",164,5bc3b98f-10a8-4492-adf5-402f9a2d9185,52.250523,5.315702
68,female,Persian,Ms.,نگین,ت,مدرس,Trollegade 28,København V,SJ,Region Sjælland,1771,DK,Denmark,NeguanMedres@einrot.com,Nellur,ootaiLie5,28-39-54-58,نافی,5/2/1962,Visa,4716763284177490,994,10/2017,020562-3604,1Z 902 355 85 4009 303 5,Green,Human services manager,Chargepal,2010 Honda Pilot,RuffledHair.dk,O+,123.0,55.9,5' 5",166,fe4d064b-7bb8-4c3e-a502-024bfa7968c0,55.622095,12.485725
69,female,Persian,Mrs.,آرتنوس,آ,نویدی,ul. Księgarska 87,Wrocław,,,51-180,PL,Poland,AretnewsNewada@einrot.com,Prother,Viengeph8poh,51 386 15 38,آزاد,12/14/1965,MasterCard,5552323720925582,375,3/2016,65121487286,1Z 659 236 20 1918 705 0,Blue,Coin vending and amusement machine servicer repairer,Rich and Happy,2001 Dodge Hemi Super 8,FareBare.pl,B+,153.3,69.7,5' 3",161,50384736-aed6-4839-b6cb-5921c4b27d50,51.073314,17.04383
70,male,Chinese,Mr.,Hsin,C,Fu,R Doutor Paulo Quintela 83,São Silvestre,CO,Coimbra,3025-543,PT,Portugal,HsinFu@armyspy.com,Deas1928,Ajavietho5y,21 239 134 8800,P'eng,10/3/1928,Visa,4539699693760879,455,11/2016,,1Z 82V 799 00 3489 543 7,Blue,Interpreter,Purity,1996 Seat Cordoba,FamilyPasses.com.pt,O+,158.6,72.1,5' 9",176,c0f15f2b-7fb4-43d5-966e-ba5fe589f760,40.192157,-8.34167
71,male,German,Mr.,Maik,V,Nagel,Αγ. Ανδρέα 230,ΤΥΜΒΟΥ,NI,Λευκωσία,2533,CY,Cyprus (Greek),MaikNagel@jourrapide.com,Hety2004,eij4Aequoo,22 574022,Konig,1/31/2004,MasterCard,5225996734693622,284,1/2018,,1Z 440 479 53 4443 207 1,Blue,Social scientist,Britches of Georgetown,2000 Acura RL,WeightInsurance.com.cy,A+,74.8,34.0,4' 7",139,de57dfd8-b502-4ee2-b154-7bc0981a4a62,41.337184,-72.943146
72,female,Norwegian,Ms.,Jennie,G,Worren,57 rue Cazade,DRAVEIL,IL,Île-de-France,91210,FR,France,JennieWorren@cuvox.de,Witurs,qui2ahLe,01.06.31.85.38,Skarsvåg,1/10/1935,MasterCard,5553551995520253,847,12/2020,,1Z V18 866 41 8137 673 5,Green,Dietetic technician,Country Club Markets,2007 Jaguar XKR,PicSales.fr,O+,164.8,74.9,5' 0",153,394ef6b4-6f2d-47cb-8399-f9618479c672,48.637045,2.364157
73,female,Russian,Ms.,Daria,T,Tretyakova,Via Stauffacher 135,Viganello,,,6962,CH,Switzerland,DariaTretyakova@jourrapide.com,Govaland,eitaiK9je9voo,091 813 67 75,,5/28/1978,MasterCard,5477377108285698,734,11/2020,,1Z 25A 211 04 2570 921 6,Blue,Marine equipment mechanic,Beasts of Beauty,2003 Ford Puma,PanicExpert.ch,A+,111.8,50.8,5' 3",161,d03d5758-a0c6-4a17-85ae-3cc027c1e070,46.110579,9.001891
74,male,Igbo,Mr.,Ugochukwu,N,Kwemto,Largo Febo 15,Irma,BS,Brescia,25061,IT,Italy,UgochukwuKwemto@rhyta.com,Theselaus,quo9jahPo0,0396 6414159,Chikere,4/2/1944,MasterCard,5432588485092812,392,12/2020,AD19077715,1Z A88 112 68 9474 188 7,Blue,Data coder operator,Network Air,1992 Chevrolet Corsica,PoliticalLand.it,B+,141.0,64.1,5' 5",164,7676f063-bd06-48fd-a852-bd511a5c0cb6,45.834949,10.369209
75,female,Hispanic,Ms.,Ulla,A,Marroquín,Björkvägen 69,SENNAN,,,313 02,SE,Sweden,UllaMarroquinPalacios@dayrep.com,Himposet,Quung8kong,035-8946930,Palacios,8/3/1964,MasterCard,5594255938335016,346,9/2018,640803-8922,1Z W59 75F 31 2755 584 8,Green,Ophthalmologic sonographer,Price Club,2007 Daihatsu Charade,ProductBoost.se,O+,139.9,63.6,5' 7",171,ae94b5e4-d11a-42f1-b983-67cac9298aac,56.782887,12.960956
76,female,Dutch,Ms.,Şule,Y,Kemerink,36 Junction Road,Moturoa,,New Plymouth,4310,NZ,New Zealand,SuleKemerink@dayrep.com,Untake,xiechaeY8cu,(027) 6629-621,Roerdink,10/13/1953,MasterCard,5427322172066682,277,4/2016,,1Z 783 134 56 1431 533 4,Purple,Costume attendant,Alladin's Lamp,1999 Toyota Solara,HalloweenHomes.co.nz,A-,123.9,56.3,5' 2",157,35f30f50-6ca2-4d35-9cab-57d4d6f1217e,-39.02869,174.169725
77,female,Scottish,Mrs.,Rhea,M,Brown,Munkácsy Mihály út 94.,Heréd,HE,Heves,3011,HU,Hungary,RheaBrown@dayrep.com,Darat1995,ooV0quu4ahy,(37) 836-959,Anderson,7/4/1995,MasterCard,5515687645991689,441,6/2020,,1Z 0Y5 7A4 97 6581 194 1,Blue,Magistrate,Crazy Eddie,2008 Lincoln MKZ,IndianapolisCarWash.hu,O+,116.6,53.0,5' 3",160,1598dd01-367c-4d4b-8a07-7c91601f5a34,47.747244,19.692866
78,female,Arabic,Mrs.,Durriyah,W,Shamon,C/ Amoladera 73,Meco,M,Madrid,28880,ES,Spain,DurriyahWisamShamon@dayrep.com,Furcursto,mohzie1Ee,695 009 013,Haik,2/6/1932,Visa,4485810374651824,754,9/2020,,1Z 1A3 0A0 79 7357 795 6,Purple,Taxicab dispatcher,Builderama,1995 Buick Riviera,ClassThemes.es,B+,152.9,69.5,5' 6",167,ae2baf66-02df-4937-96a3-abfcfb230bcd,40.52294,-3.358534
79,male,German,Mr.,Torsten,F,Hirsch,Colón 32,Chamizo,CA,Canelones,90602,UY,Uruguay,TorstenHirsch@cuvox.de,Willieret,ees7aiSoo,9812 0340,Fink,12/12/1982,MasterCard,5285762060620739,239,10/2020,,1Z A47 098 88 7776 102 6,Blue,Ticket clerk,Buena Vista Garden Maintenance,2004 Opel Trixx,OfficeDaydream.uy,A+,141.0,64.1,6' 3",190,8a6649d0-a894-4c78-923e-1dc8de7f3714,-34.328247,-56.002537
80,male,Eritrean,Mr.,Eyob,Z,Goytiom,77 Village Drive,INGLEBURN MILPO,NSW,New South Wales,2174,AU,Australia,EyobGoytiom@jourrapide.com,Threpar,teiPieC9,(02) 4608 0124,Michael,12/20/1998,Visa,4556195857130072,025,7/2017,,1Z 779 030 97 7605 526 9,Blue,Posting clerk,Glicks Furniture,2002 Koenigsegg CC8S,TripDoors.com.au,O+,189.2,86.0,6' 0",182,c2aae1fb-e8cb-4db2-8800-176b512e9036,-34.049112,150.856562
81,male,Arabic,Mr.,'Afif,M,Boutros,Rua Paraguai 95,Serra,ES,Espírito Santo,29174-018,BR,Brazil,AfifMainBoutros@cuvox.de,Suicharcon,reiwees1Vie,(27) 4421-9668,Aswad,7/8/1987,Visa,4929821008465741,865,7/2018,701.646.032-04,1Z 2Y0 264 42 9758 889 9,Black,Wildlife officer,K&G Distributors,1992 Beijing BJ 2021,FetchFilms.com.br,B-,188.8,85.8,6' 2",187,47c1bdfe-1002-4e17-9740-83f7b7bfc7c5,-20.121547,-40.226896
82,male,Chinese,Mr.,Cheng,M,Liao,Turjaška 78,Rimske Toplice,,,3272,SI,Slovenia,ChengLiao@fleckens.hu,Morold,ech2Ahngiegh,070-207-851,Tan,10/10/1914,Visa,4532041922969046,461,9/2018,,1Z F21 860 48 3803 093 8,Orange,Delivery service driver,Back To Basics Chiropractic Clinic,2009 Volkswagen Touran,NightClubDealer.si,A+,180.6,82.1,5' 7",169,3b4d7ad5-b0ad-435b-81c9-91dc99f5b65f,46.193217,15.13555
83,male,Hobbit,Mr.,Wiseman,M,Mugwort,Hooivelden 342,La Calamine,WLG,Liège,4720,BE,Belgium,WisemanMugwort@cuvox.de,Whistand,eeP3ohH1pai,0491 91 74 62,Bunce,8/6/1966,MasterCard,5211338325474680,643,12/2016,,1Z 818 17Y 50 2999 561 1,Blue,Judiciary translator,,1996 Mazda MS-6,PrizeRating.be,O+,138.6,63.0,3' 10",116,f9850b4d-ba00-43c4-8f17-4a983ff03b70,50.358225,6.110762
84,male,Arabic,Mr.,Anwar,M,Hadad,4 Bayfield Street,EAGLEHAWK NECK,TAS,Tasmania,7179,AU,Australia,AnwarMulhamHadad@cuvox.de,Amosout1951,Geu9shohlee,(03) 6262 6502,Shalhoub,3/2/1951,Visa,4485709845798166,921,9/2018,,1Z Y50 335 48 8702 522 8,Blue,Clerical specialist,Pak and Save,2012 Nissan Juke,MoreWifi.com.au,A+,227.0,103.2,5' 11",180,57fb6425-4327-45ca-9d7b-68a1a46ac4a9,-43.062257,147.874099
85,female,American,Ms.,Sherri,K,Rankin,62 Argyll Street,ST STEPHEN,,,PL26 7ST,GB,United Kingdom,SherriKRankin@rhyta.com,Regive89,cie7fee1Ohsh,078 3628 2354,Hernandez,2/23/1989,Visa,4716020522211346,743,9/2020,AZ 11 87 47 A,1Z E96 346 18 8459 710 6,Black,Tax preparer,Plan Future,1992 Mitsubishi Space Wagon,LandscapingClub.co.uk,O+,190.5,86.6,5' 3",160,da60cecd-6241-43b4-bcc4-f95634315291,50.205273,-4.88973
86,female,Ninja,Mrs.,Mekafutakukuto,,,Ke hřišti 1221,Ceský Brod,ST,Stredoceský kraj,282 01,CZ,Czech Republic,Mekafutakukuto@gustr.com,Trupoo,toh8eeN6Oa,327 705 068,Zudoshimeku,12/18/1915,Visa,4556003067919351,048,4/2016,,1Z V73 0W4 01 1856 327 2,Blue,Orthodontist,Universal Design Partners,2005 Volkswagen Caddy,FancyApps.cz,A+,172.9,78.6,5' 5",165,37c78ea2-4a03-4125-a577-084b4ccd1921,50.065983,14.791417
87,male,Norwegian,Dr.,Herbert,M,Vevle,91 Avenue des Tuileries,GUYANCOURT,IL,Île-de-France,78280,FR,France,HerbertVevle@dayrep.com,Noter1917,zaiqu5Quur0,01.65.55.62.10,Hoven,10/18/1917,Visa,4532078902479307,098,5/2017,,1Z 956 813 61 2951 592 4,Blue,Multiple machine tool setter,Architectural Genie,1994 Volkswagen Corrado,WikiWorm.fr,AB+,207.0,94.1,5' 10",178,6089c864-6e73-4c33-8c6e-a4c3ff878707,48.861825,2.151106
88,male,Hobbit,Mr.,Mosco,P,Hornblower,Rua Cipriano Barata 801,Novo Hamburgo,RS,Rio Grande do Sul,93490-030,BR,Brazil,MoscoHornblower@cuvox.de,Sterve,iDohge5x,(51) 3090-8963,Button,11/29/1914,Visa,4929617349875758,048,3/2018,256.847.346-00,1Z 8F3 319 07 0106 039 7,Green,Bucker,Office Warehouse,2004 Vauxhall Tigra,WomanViews.com.br,O+,134.6,61.2,2' 6",76,c028ab71-5937-4ed6-90bd-14083b5ebfa9,-29.821013,-51.127515
89,female,Japanese,Mrs.,彩乃,大,和野,Route de Botrange 333,Sourbrodt,WLG,Liège,4950,BE,Belgium,Nonvize@dayrep.com,Nonvize,Shah1wie5,0472 26 70 21,古原,4/5/1985,Visa,4929766073241875,507,9/2019,,1Z 11F 868 39 3488 353 9,Blue,Color printer operator,Silverwoods,2003 Daihatsu Naked,BounceThru.be,O+,159.1,72.3,5' 2",158,a2c73636-df09-4fe2-bbe1-515631ca6d51,50.549277,6.211459
90,female,Croatian,Ms.,Mila,D,Horvat,39 Long Street,MILL OF KINGOODIE,,,AB51 8LN,GB,United Kingdom,MilaHorvat@jourrapide.com,Tivent,Queul2kiugae,079 7212 6910,Jukić,3/6/1975,Visa,4539154216611290,693,7/2017,PR 29 97 27 A,1Z 33W 240 22 0194 504 2,Orange,Composing machine tender,Galyan's,2004 Lancia Lybra,YummyBreads.co.uk,O+,123.0,55.9,5' 6",168,ee0a8f03-94df-4790-8b85-6ae4fed4f140,57.194829,-2.49551
91,female,Norwegian,Ms.,Alfine,K,Ånestad,Knektvägen 32,RÅNEÅ,,,955 61,SE,Sweden,AlfineAnestad@superrito.com,Flon2003,chaiMah5ee,0924-2333421,Leren,9/7/2003,MasterCard,5595840401942270,112,4/2020,030907-2445,1Z 059 302 63 4162 118 3,Purple,Reservation agent,Desert Garden Help,2005 Lotus Esprit,WebMargin.se,B+,123.0,55.9,4' 9",144,d56bd036-3ff8-41bd-9288-0d3fa203748b,65.765514,21.727569
92,female,Arabic,Dr.,Leena,F,Hadad,Eötvös út 58.,Simonfa,,,7474,HU,Hungary,LeenaFarihahHadad@cuvox.de,Theys1948,Sei4wuNae,(82) 890-153,Maloof,6/30/1948,MasterCard,5589456617522182,849,7/2017,,1Z Y66 Y57 59 7253 596 6,Red,Ironworker,Prestiga-Biz,2003 Ford Falcon,SafetyFunds.hu,A+,149.6,68.0,5' 6",168,240086b7-65fa-4c3c-8dca-001c77861e36,46.29336,17.761422
93,female,American,Mrs.,Ana,C,Draper,2054 First Ave,Madibogo,NW,North West,2773,ZA,South Africa,AnaCDraper@gustr.com,Rismustriog,eiChoo2ee,082 420 6643,Travis,6/15/1972,MasterCard,5186654631308029,582,7/2020,,1Z 574 756 95 5357 230 7,Purple,Timekeeping clerk,Freedom Map,2012 Hyundai i30,SmokingMask.co.za,A-,124.1,56.4,5' 7",169,c5f22c2a-8a6e-4eb3-a75c-40a9d2e2a4fa,-26.346455,25.259083
94,female,Vietnamese,Ms.,Có,T,Lâm,Via dalla Staziun 103,Ebnet,,,6163,CH,Switzerland,LamThiNhuCo@gustr.com,Prous1952,bizuiX8Ic0,041 804 72 93,Cao,1/13/1952,MasterCard,5286064929961894,529,5/2020,,1Z W52 865 45 4600 410 1,Blue,Commentator,Play Town,1997 Rolls-Royce Silver Spur,RankInsider.ch,O+,163.0,74.1,5' 1",156,746270bd-ac59-42c9-9c70-a0daabd7833b,47.057916,8.079606
95,female,Chechen (Latin),Ms.,Tumisha,K,Godina,V Zahradách 872,Drevohostice,OL,Olomoucký kraj,751 14,CZ,Czech Republic,TumishaGodina@superrito.com,Cartheindfar,Ae5cahh7la,583 783 836,Eldarkhanov,3/29/1948,Visa,4485236947579930,145,12/2020,,1Z 140 794 77 3129 222 1,Blue,U.S. Marshal,Childrens Bargain Town,2007 Opel Signum,LiftReach.cz,O+,150.7,68.5,5' 3",160,8921bc83-dbf2-42d5-874f-2d0c59d3939d,49.412592,17.564722
96,female,Greenland,Ms.,Laila,J,Rasmussen,Kanslerinrinne 56,VALKEAKOSKI,PI,Pirkanmaa,37640,FI,Finland,LailaRasmussen@gustr.com,Abinced,aagh6Heop6,050 565 0981,Fleischer,10/5/1996,MasterCard,5320692346027010,515,6/2017,051096-710Y,1Z 908 F17 40 3014 536 8,Black,Woodworking machine operator,Listen Up,2012 Jaguar XF,CoalLocator.fi,O+,112.4,51.1,5' 1",154,98108f69-20aa-4ce4-b54f-b11d5bda544f,61.323442,24.002877
97,female,Greenland,Mrs.,Naja,H,Knudsen,Caltgadira 3,Nyon,,,1260,CH,Switzerland,NajaKnudsen@armyspy.com,Grany1992,iSh5ieLeebah,022 273 40 28,Geisler,9/20/1992,Visa,4716879634381176,134,12/2017,,1Z 782 17W 93 1240 989 6,Yellow,Principal secretary,Pup 'N' Taco,1994 Hyundai Pony,ZooQueue.ch,B+,105.6,48.0,5' 6",168,d3180b5e-b5a1-45fa-a2c7-77ef1fb7ef99,46.44079,6.260163
98,female,Russian,Mrs.,Faina,M,Pokrovskaya,De Klamp 45,Langezwaag,FR,Friesland,8404 GL,NL,Netherlands,FainaPokrovskaya@superrito.com,Priece,Aiqu9ohJo,06-65893002,,9/6/1927,Visa,4532808586246030,645,3/2018,,1Z 3F5 74Y 99 8462 133 7,Brown,Water resources engineer,Magik Lamp,2012 Geely CK,LawMover.nl,AB+,146.5,66.6,5' 3",161,dfac6b8d-dacd-4220-b82e-38055c102179,52.97187,5.90245
99,male,Danish,Mr.,Anders,E,Nørgaard,Malá Strana 1108,Krivoklát,ST,Stredoceský kraj,270 23,CZ,Czech Republic,AndersENrgaard@einrot.com,Thicautmout,Esa9MohKoh,607 714 341,Holm,1/31/1987,Visa,4485047526540569,749,4/2019,,1Z 456 94V 32 2597 764 8,Blue,Cardiologist,Vinyl Fever,2011 Peugeot 207,ChildHumor.cz,A+,223.1,101.4,5' 9",176,c363dcd6-4ae0-488c-bbbd-ed2675862323,50.065739,13.792948
100,female,German,Mrs.,Sophie,R,Finkel,Lindeberglia 25,OSLO,,,1069,NO,Norway,SophieFinkel@superrito.com,Hardsoll,cu5ohng1ENg,952 83 071,Schwab,8/8/1993,Visa,4916278989573776,288,7/2019,,1Z F81 923 51 3338 422 2,Red,Administrative supervisor,Franklin Music,2011 Aston Martin Cygnet,AlternativePoker.no,B+,115.7,52.6,5' 5",164,22416fc1-2056-43cd-8c6b-19284c9225e4,59.839278,10.850837